epoch,bpr_loss
1,0.5767807946648709
20,0.32974460894285246
