{
  "ndcg_at_5": 0.6468480188904819,
  "recall_at_5": 0.7009674769108731,
  "head_item_share": 0.18021417644059154,
  "avg_recommended_train_degree": 272.98143804181547,
  "js_recommendation_vs_random_test": 0.060659694880832775,
  "n_eval_users": 3922,
  "runtime_seconds": 62.287803649902344,
  "used_cuda": true
}