epoch,bpr_loss
1,0.6833153963088989
25,0.08313483372330666
50,0.041214749217033386
100,0.027283988893032074
180,0.02497906144708395
