epoch,bpr_loss
1,0.6826422661542892
25,0.09713893011212349
50,0.041312835179269314
100,0.02790283551439643
180,0.025740360841155052
