{
  "ndcg_at_5": 0.6874871907144902,
  "recall_at_5": 0.5023638826574769,
  "head_item_share": 0.15800711743772244,
  "avg_recommended_train_degree": 14.886832740213526,
  "js_recommendation_vs_random_test": 0.05244040508007027,
  "n_eval_users": 281,
  "runtime_seconds": 8.832036018371582,
  "used_cuda": true
}