epoch,bpr_loss
1,0.6903175711631775
25,0.07294181920588017
50,0.041562728583812714
100,0.03196854889392853
180,0.027917376719415188
