{
  "ndcg_at_5": 0.6787672791260335,
  "recall_at_5": 0.4975071439039411,
  "head_item_share": 0.15302491103202848,
  "avg_recommended_train_degree": 14.522419928825624,
  "js_recommendation_vs_random_test": 0.0462730088957964,
  "n_eval_users": 281,
  "runtime_seconds": 9.420387506484985,
  "used_cuda": true
}