epoch,bpr_loss
1,0.6820473074913025
25,0.13210788741707802
50,0.06712805293500423
100,0.04315076116472483
180,0.03906654100865126
