{
  "ndcg_at_5": 0.6933636784911024,
  "recall_at_5": 0.5161978640181487,
  "head_item_share": 0.15800711743772242,
  "avg_recommended_train_degree": 15.055516014234877,
  "js_recommendation_vs_random_test": 0.05528932788351,
  "n_eval_users": 281,
  "runtime_seconds": 10.435996294021606,
  "used_cuda": true
}