epoch,bpr_loss
1,0.6910599917173386
25,0.09187049604952335
50,0.045370010659098625
100,0.0339379608631134
180,0.031641353853046894
