{
  "ndcg_at_5": 0.6758225938359588,
  "recall_at_5": 0.48462378368962006,
  "head_item_share": 0.1501779359430605,
  "avg_recommended_train_degree": 14.479715302491101,
  "js_recommendation_vs_random_test": 0.04746185347928923,
  "n_eval_users": 281,
  "runtime_seconds": 9.169463634490967,
  "used_cuda": true
}