epoch,bpr_loss
1,0.6807178556919098
25,0.08453080244362354
50,0.043653443455696106
100,0.030186541844159365
180,0.025865592528134584
