{
  "ndcg_at_5": 0.6832962533785785,
  "recall_at_5": 0.5042257910140472,
  "head_item_share": 0.16156583629893234,
  "avg_recommended_train_degree": 14.955160142348756,
  "js_recommendation_vs_random_test": 0.05341358778961883,
  "n_eval_users": 281,
  "runtime_seconds": 9.243024587631226,
  "used_cuda": true
}