epoch,bpr_loss
1,0.6904323995113373
25,0.07768911682069302
50,0.04246318154036999
100,0.030472648330032825
180,0.02736943354830146
