epoch,bpr_loss
1,0.6911506950855255
25,0.0809005293995142
50,0.045135580003261566
100,0.03434004820883274
180,0.03159869508817792
