epoch,bpr_loss
1,0.6912507116794586
25,0.08537665754556656
50,0.046586545184254646
100,0.03695905674248934
180,0.03191121947020292
