{
  "ndcg_at_5": 0.6661756820742739,
  "recall_at_5": 0.4864832133070567,
  "head_item_share": 0.1480427046263345,
  "avg_recommended_train_degree": 14.399288256227758,
  "js_recommendation_vs_random_test": 0.04346992162368113,
  "n_eval_users": 281,
  "runtime_seconds": 9.399790048599243,
  "used_cuda": true
}