epoch,bpr_loss
1,0.6902652531862259
25,0.07330256141722202
50,0.04049357771873474
100,0.029962198343127966
180,0.027178586460649967
