{
  "ndcg_at_5": 0.6767939709894852,
  "recall_at_5": 0.498101814160533,
  "head_item_share": 0.15444839857651246,
  "avg_recommended_train_degree": 14.624911032028471,
  "js_recommendation_vs_random_test": 0.05189597545687287,
  "n_eval_users": 281,
  "runtime_seconds": 9.643011331558228,
  "used_cuda": true
}