epoch,bpr_loss
1,0.6823358237743378
25,0.04202585946768522
50,0.024670778773725033
100,0.01801003562286496
180,0.015759280882775784
