dataset,split,users,items,interactions,density,avg_user_degree,avg_item_degree,positive_rate_r_ge_3,top_1_pct_share,top_5_pct_share,top_10_pct_share
Coat,train_mnar,290,300,6960,0.08,24.0,23.2,0.5204022988505748,0.0360632183908046,0.14310344827586208,0.23563218390804597
Coat,random_test,290,300,4640,0.05333333333333334,16.0,15.466666666666667,0.40129310344827585,0.017241379310344827,0.07801724137931035,0.14633620689655172
