epoch,bpr_loss
1,0.678896427154541
25,0.14143379405140877
50,0.06849675625562668
100,0.04689571913331747
180,0.039992778562009335
