epoch,bpr_loss
1,0.6829981654882431
25,0.04253213107585907
50,0.024536739569157362
100,0.019065837375819683
180,0.016094523947685957
