epoch,bpr_loss
1,0.6837550699710846
25,0.0471671549603343
50,0.024850586894899607
100,0.018609048333019018
180,0.016226467676460743
