epoch,bpr_loss
1,0.6816126555204391
25,0.08046079985797405
50,0.040062254294753075
100,0.029514404013752937
180,0.026090901345014572
