{
  "ndcg_at_5": 0.6758970281782783,
  "recall_at_5": 0.5005834171759438,
  "head_item_share": 0.1572953736654804,
  "avg_recommended_train_degree": 14.830604982206408,
  "js_recommendation_vs_random_test": 0.05312066175917185,
  "n_eval_users": 281,
  "runtime_seconds": 9.06476092338562,
  "used_cuda": true
}