epoch,bpr_loss
1,0.37965352001578306
20,0.2739832543356474
