epoch,bpr_loss
1,0.6858039647340775
25,0.03877786546945572
50,0.015610922127962112
100,0.010305775329470634
180,0.008813484571874142
