epoch,bpr_loss
1,0.691199317574501
25,0.08337300270795822
50,0.046526964753866196
100,0.03724572155624628
180,0.03309396933764219
