{
  "ndcg_at_5": 0.6823303695294838,
  "recall_at_5": 0.5012490326992106,
  "head_item_share": 0.14377224199288255,
  "avg_recommended_train_degree": 14.158718861209966,
  "js_recommendation_vs_random_test": 0.04358019529565177,
  "n_eval_users": 281,
  "runtime_seconds": 9.53667688369751,
  "used_cuda": true
}