epoch,bpr_loss
1,0.691197395324707
25,0.08207801729440689
50,0.04571350011974573
100,0.03509450051933527
180,0.031425138004124165
