epoch,bpr_loss
1,0.6866155564785004
25,0.03159422194585204
50,0.01379218278452754
100,0.010372109478339553
180,0.009653839282691479
