{
  "ndcg_at_5": 0.6710807849172072,
  "recall_at_5": 0.49671807532127815,
  "head_item_share": 0.1402135231316726,
  "avg_recommended_train_degree": 14.040569395017794,
  "js_recommendation_vs_random_test": 0.04410512251098869,
  "n_eval_users": 281,
  "runtime_seconds": 6.845044136047363,
  "used_cuda": true
}