epoch,bpr_loss
1,0.68143729865551
25,0.08384617418050766
50,0.043705714866518974
100,0.02908864477649331
180,0.025709411595016718
