epoch,bpr_loss
1,0.690356969833374
25,0.06978704407811165
50,0.04170423839241266
100,0.030614428222179413
180,0.02836257917806506
