{
  "ndcg_at_5": 0.6646242859257251,
  "recall_at_5": 0.4887551702943162,
  "head_item_share": 0.1402135231316726,
  "avg_recommended_train_degree": 14.185053380782918,
  "js_recommendation_vs_random_test": 0.043133742530816185,
  "n_eval_users": 281,
  "runtime_seconds": 9.463792324066162,
  "used_cuda": true
}