epoch,bpr_loss
1,0.6837618052959442
25,0.08131182752549648
50,0.042612431570887566
100,0.029743160121142864
180,0.027015724685043097
