{
  "ndcg_at_5": 0.6774808787117581,
  "recall_at_5": 0.48729838271653214,
  "head_item_share": 0.15160142348754446,
  "avg_recommended_train_degree": 14.708896797153024,
  "js_recommendation_vs_random_test": 0.053998545111496515,
  "n_eval_users": 281,
  "runtime_seconds": 9.111994743347168,
  "used_cuda": true
}