epoch,bpr_loss
1,0.555982781704082
20,0.31155207718527594
