{
  "ndcg_at_5": 0.6543477261989525,
  "recall_at_5": 0.7068506511902739,
  "head_item_share": 0.17802141764405915,
  "avg_recommended_train_degree": 270.3981642019378,
  "js_recommendation_vs_random_test": 0.05587857337195583,
  "n_eval_users": 3922,
  "runtime_seconds": 64.05590271949768,
  "used_cuda": true
}