epoch,bpr_loss
1,0.6841754466295242
25,0.045469154603779316
50,0.02614245330914855
100,0.01862603100016713
180,0.015135396737605333
