{
  "ndcg_at_5": 0.6811095577067348,
  "recall_at_5": 0.5075310464545341,
  "head_item_share": 0.14448398576512456,
  "avg_recommended_train_degree": 14.350889679715301,
  "js_recommendation_vs_random_test": 0.04545361772383467,
  "n_eval_users": 281,
  "runtime_seconds": 8.048250198364258,
  "used_cuda": true
}