epoch,bpr_loss
1,0.690094843506813
25,0.08152851089835167
50,0.04196427296847105
100,0.03134807990863919
180,0.02654307195916772
