{
  "ndcg_at_5": 0.6709862381272207,
  "recall_at_5": 0.4919917814490768,
  "head_item_share": 0.1501779359430605,
  "avg_recommended_train_degree": 14.47900355871886,
  "js_recommendation_vs_random_test": 0.04292966305959072,
  "n_eval_users": 281,
  "runtime_seconds": 9.410169124603271,
  "used_cuda": true
}