epoch,bpr_loss
1,0.6866067200899124
25,0.03242146410048008
50,0.017314120195806026
100,0.01137913134880364
180,0.00939242821186781
