{
  "ndcg_at_5": 0.6687743942453205,
  "recall_at_5": 0.4927724163934128,
  "head_item_share": 0.14163701067615658,
  "avg_recommended_train_degree": 14.144483985765122,
  "js_recommendation_vs_random_test": 0.04535582378314395,
  "n_eval_users": 281,
  "runtime_seconds": 6.739628553390503,
  "used_cuda": true
}