epoch,bpr_loss
1,0.6912782937288284
25,0.07566202245652676
50,0.04276760574430227
100,0.03579920902848244
180,0.03394202794879675
