{
  "ndcg_at_5": 0.6677661602724996,
  "recall_at_5": 0.48254833837574057,
  "head_item_share": 0.14519572953736654,
  "avg_recommended_train_degree": 14.303202846975092,
  "js_recommendation_vs_random_test": 0.03995611389156281,
  "n_eval_users": 281,
  "runtime_seconds": 9.522161960601807,
  "used_cuda": true
}