epoch,bpr_loss
1,0.6798475533723831
25,0.14178980886936188
50,0.06499366089701653
100,0.04625191818922758
180,0.04126737546175718
