epoch,bpr_loss
1,0.6836299300193787
25,0.04520786553621292
50,0.025115638971328735
100,0.01665501343086362
180,0.015049399342387915
