{
  "ndcg_at_5": 0.6707934842363192,
  "recall_at_5": 0.48536346512325157,
  "head_item_share": 0.15088967971530248,
  "avg_recommended_train_degree": 14.497508896797154,
  "js_recommendation_vs_random_test": 0.04544792221672857,
  "n_eval_users": 281,
  "runtime_seconds": 7.999173879623413,
  "used_cuda": true
}