epoch,bpr_loss
1,0.6830453276634216
25,0.08091886900365353
50,0.042015342973172665
100,0.02875146782025695
180,0.02715766616165638
