{
  "ndcg_at_5": 0.674094312126593,
  "recall_at_5": 0.4931392796606319,
  "head_item_share": 0.1508896797153025,
  "avg_recommended_train_degree": 14.785765124555157,
  "js_recommendation_vs_random_test": 0.05195393995936645,
  "n_eval_users": 281,
  "runtime_seconds": 9.130943536758423,
  "used_cuda": true
}