epoch,bpr_loss
1,0.682595819234848
25,0.05169899109750986
50,0.02295746747404337
100,0.018478909973055124
180,0.014312613988295197
