epoch,bpr_loss
1,0.6904691457748413
25,0.07260726019740105
50,0.03967713378369808
100,0.030481398571282625
180,0.028660664334893227
