{
  "ndcg_at_5": 0.6795938137329658,
  "recall_at_5": 0.49580127760732745,
  "head_item_share": 0.14021352313167262,
  "avg_recommended_train_degree": 14.387900355871885,
  "js_recommendation_vs_random_test": 0.04838634596642972,
  "n_eval_users": 281,
  "runtime_seconds": 9.304500341415405,
  "used_cuda": true
}