epoch,bpr_loss
1,0.6825917810201645
25,0.1372777447104454
50,0.07001898996531963
100,0.047310744412243366
180,0.038564966060221195
