{
  "ndcg_at_5": 0.6931643469150134,
  "recall_at_5": 0.5212647623234812,
  "head_item_share": 0.1601423487544484,
  "avg_recommended_train_degree": 15.222775800711744,
  "js_recommendation_vs_random_test": 0.06363276251005655,
  "n_eval_users": 281,
  "runtime_seconds": 12.567172765731812,
  "used_cuda": true
}