epoch,bpr_loss
1,0.6814327239990234
25,0.08493072725832462
50,0.04263234883546829
100,0.03230105573311448
180,0.02633146056905389
