{
  "ndcg_at_5": 0.689289591341772,
  "recall_at_5": 0.5106957149216936,
  "head_item_share": 0.15373665480427048,
  "avg_recommended_train_degree": 14.740925266903915,
  "js_recommendation_vs_random_test": 0.05193849870742826,
  "n_eval_users": 281,
  "runtime_seconds": 8.986529111862183,
  "used_cuda": true
}