epoch,bpr_loss
1,0.6866820156574249
25,0.03639991581439972
50,0.01728750322945416
100,0.010607249336317182
180,0.00866935052908957
