{
  "ndcg_at_5": 0.6603264848735614,
  "recall_at_5": 0.480390857659541,
  "head_item_share": 0.1387900355871886,
  "avg_recommended_train_degree": 13.960142348754449,
  "js_recommendation_vs_random_test": 0.04773541999449119,
  "n_eval_users": 281,
  "runtime_seconds": 6.959092378616333,
  "used_cuda": true
}