epoch,bpr_loss
1,0.691305011510849
25,0.08624127693474293
50,0.04812036640942097
100,0.035271987318992615
180,0.031509879976511
