{
  "ndcg_at_5": 0.676685950864229,
  "recall_at_5": 0.49553739558187965,
  "head_item_share": 0.14661921708185055,
  "avg_recommended_train_degree": 14.348042704626335,
  "js_recommendation_vs_random_test": 0.046387393879294324,
  "n_eval_users": 281,
  "runtime_seconds": 9.386691570281982,
  "used_cuda": true
}