epoch,bpr_loss
1,0.4841426170842592
20,0.16466035433979923
