epoch,bpr_loss
1,0.6797222197055817
25,0.1368652880191803
50,0.06601144839078188
100,0.04722962435334921
180,0.03884075302630663
