epoch,bpr_loss
1,0.6826255917549133
25,0.08388630114495754
50,0.03893600217998028
100,0.03045658301562071
180,0.02792055206373334
