{
  "ndcg_at_5": 0.6764424544682648,
  "recall_at_5": 0.493434861895716,
  "head_item_share": 0.15587188612099642,
  "avg_recommended_train_degree": 14.920284697508897,
  "js_recommendation_vs_random_test": 0.05584004519624609,
  "n_eval_users": 281,
  "runtime_seconds": 9.030701398849487,
  "used_cuda": true
}