epoch,bpr_loss
1,0.6912873685359955
25,0.0856332778930664
50,0.04605600796639919
100,0.03642125241458416
180,0.03275199048221111
