epoch,bpr_loss
1,0.6821810007095337
25,0.0870934184640646
50,0.04080943390727043
100,0.029481600038707256
180,0.026127169374376535
