epoch,bpr_loss
1,0.6827745735645294
25,0.04477880988270044
50,0.0241055591031909
100,0.017689146101474762
180,0.0156512928660959
