epoch,bpr_loss
1,0.6912162154912949
25,0.08398320339620113
50,0.04668539110571146
100,0.037647370249032974
180,0.032078737393021584
