{
  "ndcg_at_5": 0.6762169562086202,
  "recall_at_5": 0.4938421355236302,
  "head_item_share": 0.14377224199288255,
  "avg_recommended_train_degree": 14.276868327402134,
  "js_recommendation_vs_random_test": 0.042623685951209876,
  "n_eval_users": 281,
  "runtime_seconds": 9.364157676696777,
  "used_cuda": true
}