epoch,bpr_loss
1,0.6806081086397171
25,0.09380134008824825
50,0.04212047718465328
100,0.028917318675667048
180,0.024394433479756117
