{
  "ndcg_at_5": 0.686975044595763,
  "recall_at_5": 0.5055683985844127,
  "head_item_share": 0.15444839857651246,
  "avg_recommended_train_degree": 14.76370106761566,
  "js_recommendation_vs_random_test": 0.05409953433715145,
  "n_eval_users": 281,
  "runtime_seconds": 9.370002746582031,
  "used_cuda": true
}