epoch,bpr_loss
1,0.6903180629014969
25,0.07718300819396973
50,0.041469382122159004
100,0.03203100338578224
180,0.027402320876717567
