epoch,bpr_loss
1,0.6911828070878983
25,0.07819895632565022
50,0.04666765779256821
100,0.035535636357963085
180,0.0327597944997251
