{
  "ndcg_at_5": 0.6633433661451185,
  "recall_at_5": 0.48447238309337953,
  "head_item_share": 0.14306049822064057,
  "avg_recommended_train_degree": 14.21423487544484,
  "js_recommendation_vs_random_test": 0.04237456109582354,
  "n_eval_users": 281,
  "runtime_seconds": 9.601212501525879,
  "used_cuda": true
}