epoch,bpr_loss
1,0.6904517859220505
25,0.06828168220818043
50,0.03798078652471304
100,0.03110554628074169
180,0.029046204406768084
