epoch,bpr_loss
1,0.6902608871459961
25,0.07395683787763119
50,0.041157609783113
100,0.030545855406671762
180,0.027062528766691685
