{
  "ndcg_at_5": 0.6861237939414376,
  "recall_at_5": 0.5065884738037763,
  "head_item_share": 0.14590747330960854,
  "avg_recommended_train_degree": 14.344483985765123,
  "js_recommendation_vs_random_test": 0.04827170588395839,
  "n_eval_users": 281,
  "runtime_seconds": 10.104034900665283,
  "used_cuda": true
}