epoch,bpr_loss
1,0.6868264377117157
25,0.032799037639051676
50,0.016834473237395287
100,0.010267979465425014
180,0.008986800094135106
