epoch,bpr_loss
1,0.6912866532802582
25,0.08088875561952591
50,0.04498329106718302
100,0.034998880699276924
180,0.033296579495072365
