{
  "ndcg_at_5": 0.6731433240420608,
  "recall_at_5": 0.48972136503275293,
  "head_item_share": 0.14163701067615658,
  "avg_recommended_train_degree": 14.303202846975088,
  "js_recommendation_vs_random_test": 0.045857484980894925,
  "n_eval_users": 281,
  "runtime_seconds": 9.507529497146606,
  "used_cuda": true
}