epoch,bpr_loss
1,0.6820903420448303
25,0.04725186340510845
50,0.02499196445569396
100,0.01692114630714059
180,0.016165672102943063
