{
  "ndcg_at_5": 0.6606813349501403,
  "recall_at_5": 0.4796702951062382,
  "head_item_share": 0.1423487544483986,
  "avg_recommended_train_degree": 14.226334519572951,
  "js_recommendation_vs_random_test": 0.045695413983609164,
  "n_eval_users": 281,
  "runtime_seconds": 7.943582773208618,
  "used_cuda": true
}