epoch,bpr_loss
1,0.6910614222288132
25,0.08872504159808159
50,0.0480531957000494
100,0.036593349650502205
180,0.030872649047523737
