{
  "ndcg_at_5": 0.672646853608452,
  "recall_at_5": 0.48785701743886795,
  "head_item_share": 0.14733096085409253,
  "avg_recommended_train_degree": 14.325978647686833,
  "js_recommendation_vs_random_test": 0.03965219757988554,
  "n_eval_users": 281,
  "runtime_seconds": 9.29988980293274,
  "used_cuda": true
}