dataset,split,users,items,interactions,density,active_users,active_items,avg_user_degree,avg_item_degree,positive_rate_r_ge_3,top_1_pct_share,top_5_pct_share,top_10_pct_share
YahooR3,train_mnar,15400,1000,311704,0.02024051948051948,15400,1000,20.24051948051948,311.704,0.5588892025768036,0.1370498934886944,0.36136847778661807,0.4796954803274902
YahooR3,random_test,15400,1000,54000,0.0035064935064935067,5400,1000,3.5064935064935066,54.0,0.23183333333333334,0.013685185185185186,0.0647962962962963,0.12527777777777777
