epoch,bpr_loss
1,0.6841168850660324
25,0.04485633410513401
50,0.024269722402095795
100,0.017093712463974953
180,0.015674988739192486
