{
  "ndcg_at_5": 0.6688749729502111,
  "recall_at_5": 0.48304456022427555,
  "head_item_share": 0.14306049822064057,
  "avg_recommended_train_degree": 14.241281138790033,
  "js_recommendation_vs_random_test": 0.04250904603031778,
  "n_eval_users": 281,
  "runtime_seconds": 8.072960376739502,
  "used_cuda": true
}