epoch,bpr_loss
1,0.6902382969856262
25,0.0732978954911232
50,0.04355032369494438
100,0.03153299679979682
180,0.02837711852043867
