{
  "ndcg_at_5": 0.6739882200731949,
  "recall_at_5": 0.488667900900997,
  "head_item_share": 0.1501779359430605,
  "avg_recommended_train_degree": 14.562989323843418,
  "js_recommendation_vs_random_test": 0.04385347215719694,
  "n_eval_users": 281,
  "runtime_seconds": 9.32333779335022,
  "used_cuda": true
}