epoch,bpr_loss
1,0.6813778579235077
25,0.1610288918018341
50,0.06356417946517467
100,0.0434561800211668
180,0.039882843382656574
