epoch,bpr_loss
1,0.6865321099758148
25,0.036506365053355694
50,0.017125212587416172
100,0.010211413260549307
180,0.009857776341959834
