{
  "ndcg_at_5": 0.6555377347607999,
  "recall_at_5": 0.469825355545996,
  "head_item_share": 0.13167259786476868,
  "avg_recommended_train_degree": 13.915302491103203,
  "js_recommendation_vs_random_test": 0.04234575776081727,
  "n_eval_users": 281,
  "runtime_seconds": 6.83600378036499,
  "used_cuda": true
}