epoch,bpr_loss
1,0.6902153342962265
25,0.07626159861683846
50,0.03971042763441801
100,0.03198565263301134
180,0.027296453714370728
