epoch,bpr_loss
1,0.6800014525651932
25,0.13997149839997292
50,0.061700853519141674
100,0.04486681427806616
180,0.0403739744797349
