epoch,bpr_loss
1,0.6910997331142426
25,0.08697165735065937
50,0.04546940978616476
100,0.037021245807409286
180,0.030078048817813396
