{
  "ndcg_at_5": 0.6646266051235913,
  "recall_at_5": 0.48046342250078905,
  "head_item_share": 0.14448398576512453,
  "avg_recommended_train_degree": 14.341637010676157,
  "js_recommendation_vs_random_test": 0.04725195530352805,
  "n_eval_users": 281,
  "runtime_seconds": 9.425597906112671,
  "used_cuda": true
}