epoch,bpr_loss
1,0.6817200928926468
25,0.13421031460165977
50,0.06566906161606312
100,0.04465545993298292
180,0.041834618896245956
