{
  "ndcg_at_5": 0.682912672273152,
  "recall_at_5": 0.506097535323514,
  "head_item_share": 0.15302491103202848,
  "avg_recommended_train_degree": 15.00284697508897,
  "js_recommendation_vs_random_test": 0.06044432115369551,
  "n_eval_users": 281,
  "runtime_seconds": 12.711679935455322,
  "used_cuda": true
}