epoch,bpr_loss
1,0.6911593228578568
25,0.08046945556998253
50,0.04857791494578123
100,0.03656093031167984
180,0.033311398699879646
