{
  "ndcg_at_5": 0.6781128339942204,
  "recall_at_5": 0.4937624899813512,
  "head_item_share": 0.1501779359430605,
  "avg_recommended_train_degree": 14.460498220640568,
  "js_recommendation_vs_random_test": 0.040296313781988766,
  "n_eval_users": 281,
  "runtime_seconds": 9.327482223510742,
  "used_cuda": true
}