epoch,bpr_loss
1,0.33688251812790715
20,0.2001893833972687
