epoch,bpr_loss
1,0.6794267892837524
25,0.13948432356119156
50,0.0703173540532589
100,0.045698001980781555
180,0.03977297805249691
