{
  "ndcg_at_5": 0.683104312285615,
  "recall_at_5": 0.504004758586609,
  "head_item_share": 0.15444839857651246,
  "avg_recommended_train_degree": 15.01067615658363,
  "js_recommendation_vs_random_test": 0.059787741144711415,
  "n_eval_users": 281,
  "runtime_seconds": 12.417999267578125,
  "used_cuda": true
}