epoch,bpr_loss
1,0.6835117936134338
25,0.042215192690491676
50,0.02514037024229765
100,0.017047854606062174
180,0.016181257320567966
