{
  "ndcg_at_5": 0.6652080487911058,
  "recall_at_5": 0.4865481345463552,
  "head_item_share": 0.14448398576512453,
  "avg_recommended_train_degree": 14.265480427046265,
  "js_recommendation_vs_random_test": 0.04190766524548129,
  "n_eval_users": 281,
  "runtime_seconds": 7.937097787857056,
  "used_cuda": true
}