epoch,bpr_loss
1,0.6905017495155334
25,0.07049155235290527
50,0.04029123391956091
100,0.030474188271909952
180,0.027721559163182974
