epoch,bpr_loss
1,0.6821932941675186
25,0.05008514877408743
50,0.02459574770182371
100,0.017068742541596293
180,0.014794107992202044
