epoch,bpr_loss
1,0.6869090646505356
25,0.03015524335205555
50,0.015563372056931257
100,0.00963412772398442
180,0.009510480565950274
