{
  "ndcg_at_5": 0.6524666022943243,
  "recall_at_5": 0.4686141310251631,
  "head_item_share": 0.14306049822064057,
  "avg_recommended_train_degree": 14.188612099644129,
  "js_recommendation_vs_random_test": 0.04432481685944753,
  "n_eval_users": 281,
  "runtime_seconds": 6.845812797546387,
  "used_cuda": true
}