epoch,bpr_loss
1,0.6809913069009781
25,0.0879328828305006
50,0.043514348566532135
100,0.028930998872965574
180,0.026770389173179865
