{
  "ndcg_at_5": 0.6810300802734636,
  "recall_at_5": 0.49511626669099984,
  "head_item_share": 0.1516014234875445,
  "avg_recommended_train_degree": 14.639145907473308,
  "js_recommendation_vs_random_test": 0.05495671722388904,
  "n_eval_users": 281,
  "runtime_seconds": 9.140016555786133,
  "used_cuda": true
}