epoch,bpr_loss
1,0.6837770640850067
25,0.04192939214408398
50,0.023463113699108362
100,0.01677385577932
180,0.01624334673397243
