{
  "ndcg_at_5": 0.6714396232885473,
  "recall_at_5": 0.49241420402452435,
  "head_item_share": 0.1423487544483986,
  "avg_recommended_train_degree": 14.356583629893239,
  "js_recommendation_vs_random_test": 0.049780790134530635,
  "n_eval_users": 281,
  "runtime_seconds": 7.813259601593018,
  "used_cuda": true
}