epoch,bpr_loss
1,0.6903800815343857
25,0.07753068581223488
50,0.041067155078053474
100,0.032044908963143826
180,0.02827452402561903
