{
  "ndcg_at_5": 0.6732510201643254,
  "recall_at_5": 0.48862844845940934,
  "head_item_share": 0.15373665480427046,
  "avg_recommended_train_degree": 14.609252669039146,
  "js_recommendation_vs_random_test": 0.04780207585764035,
  "n_eval_users": 281,
  "runtime_seconds": 9.51073145866394,
  "used_cuda": true
}