epoch,bpr_loss
1,0.6903779059648514
25,0.07440449111163616
50,0.04165314882993698
100,0.03335264651104808
180,0.027768664993345737
