{
  "ndcg_at_5": 0.6799305520054958,
  "recall_at_5": 0.49238281982943904,
  "head_item_share": 0.14377224199288255,
  "avg_recommended_train_degree": 14.305338078291813,
  "js_recommendation_vs_random_test": 0.04460391680205861,
  "n_eval_users": 281,
  "runtime_seconds": 9.2919762134552,
  "used_cuda": true
}