epoch,bpr_loss
1,0.6831475794315338
25,0.08662828989326954
50,0.04319753032177687
100,0.031664952635765076
180,0.0272004222497344
