epoch,bpr_loss
1,0.3567345925541811
20,0.24208730199309283
