epoch,bpr_loss
1,0.6817257702350616
25,0.0916399173438549
50,0.040758589282631874
100,0.030551448464393616
180,0.024263563100248575
