{
  "ndcg_at_5": 0.6816629303361055,
  "recall_at_5": 0.5046470482858383,
  "head_item_share": 0.15160142348754446,
  "avg_recommended_train_degree": 14.704626334519572,
  "js_recommendation_vs_random_test": 0.054363271999512304,
  "n_eval_users": 281,
  "runtime_seconds": 9.00300669670105,
  "used_cuda": true
}