epoch,bpr_loss
1,0.6862166374921799
25,0.03486825805157423
50,0.015391634777188301
100,0.011553533608093858
180,0.008625352522358298
