epoch,bpr_loss
1,0.690422311425209
25,0.07127204351127148
50,0.04080631397664547
100,0.029066869989037514
180,0.027045880910009146
