{
  "ndcg_at_5": 0.6777187516987591,
  "recall_at_5": 0.49693033834492917,
  "head_item_share": 0.1487544483985765,
  "avg_recommended_train_degree": 14.41779359430605,
  "js_recommendation_vs_random_test": 0.046251738563232586,
  "n_eval_users": 281,
  "runtime_seconds": 9.557368993759155,
  "used_cuda": true
}