epoch,bpr_loss
1,0.6817070841789246
25,0.1431354023516178
50,0.06704158335924149
100,0.04862638842314482
180,0.042576526291668415
