{
  "ndcg_at_5": 0.6962775327691803,
  "recall_at_5": 0.5121841632072949,
  "head_item_share": 0.1587188612099644,
  "avg_recommended_train_degree": 15.182918149466191,
  "js_recommendation_vs_random_test": 0.06169970562087418,
  "n_eval_users": 281,
  "runtime_seconds": 12.595070362091064,
  "used_cuda": true
}