epoch,bpr_loss
1,0.6796078681945801
25,0.1457855887711048
50,0.06901497021317482
100,0.0494227996096015
180,0.04047687537968159
