{
  "ndcg_at_5": 0.6896039301676224,
  "recall_at_5": 0.5108059546226805,
  "head_item_share": 0.1601423487544484,
  "avg_recommended_train_degree": 15.14661921708185,
  "js_recommendation_vs_random_test": 0.060786055436861545,
  "n_eval_users": 281,
  "runtime_seconds": 12.484209537506104,
  "used_cuda": true
}