epoch,bpr_loss
1,0.6912325024604797
25,0.08037963323295116
50,0.046490442007780075
100,0.033595010638237
180,0.03137497417628765
