{
  "ndcg_at_5": 0.669086852164568,
  "recall_at_5": 0.4825666474687827,
  "head_item_share": 0.1480427046263345,
  "avg_recommended_train_degree": 14.337366548042706,
  "js_recommendation_vs_random_test": 0.042098297022069145,
  "n_eval_users": 281,
  "runtime_seconds": 9.365550756454468,
  "used_cuda": true
}