epoch,bpr_loss
1,0.6826443672180176
25,0.0834522470831871
50,0.042476982809603214
100,0.02957778936251998
180,0.025559313595294952
