{
  "ndcg_at_5": 0.6831211524175573,
  "recall_at_5": 0.5028691010452576,
  "head_item_share": 0.15160142348754446,
  "avg_recommended_train_degree": 14.77081850533808,
  "js_recommendation_vs_random_test": 0.05451423862458172,
  "n_eval_users": 281,
  "runtime_seconds": 9.105223178863525,
  "used_cuda": true
}