epoch,bpr_loss
1,0.6839896142482758
25,0.08539597317576408
50,0.04550478793680668
100,0.030638257507234812
180,0.025058666709810495
