{
  "ndcg_at_5": 0.6895358119033919,
  "recall_at_5": 0.5127181487946613,
  "head_item_share": 0.15231316725978647,
  "avg_recommended_train_degree": 14.756583629893239,
  "js_recommendation_vs_random_test": 0.053230237933552284,
  "n_eval_users": 281,
  "runtime_seconds": 8.962138891220093,
  "used_cuda": true
}