epoch,bpr_loss
1,0.6901357173919678
25,0.07820774801075459
50,0.042858753353357315
100,0.030302871484309435
180,0.02861085906624794
