{
  "ndcg_at_5": 0.6702335590917599,
  "recall_at_5": 0.48169242284010966,
  "head_item_share": 0.1423487544483986,
  "avg_recommended_train_degree": 14.370106761565836,
  "js_recommendation_vs_random_test": 0.04744884726630995,
  "n_eval_users": 281,
  "runtime_seconds": 9.547255992889404,
  "used_cuda": true
}