epoch,bpr_loss
1,0.6865524649620056
25,0.030714566819369793
50,0.016041593393310905
100,0.010755264200270176
180,0.00945395533926785
