{
  "ndcg_at_5": 0.6489675229600641,
  "recall_at_5": 0.4668771372952867,
  "head_item_share": 0.1402135231316726,
  "avg_recommended_train_degree": 14.066192170818505,
  "js_recommendation_vs_random_test": 0.04617817808606189,
  "n_eval_users": 281,
  "runtime_seconds": 6.900934219360352,
  "used_cuda": true
}