epoch,bpr_loss
1,0.6902022212743759
25,0.08423683047294617
50,0.04041981045156717
100,0.029283575247973204
180,0.027131812646985054
