{
  "ndcg_at_5": 0.6781674309524609,
  "recall_at_5": 0.487880293885632,
  "head_item_share": 0.15160142348754446,
  "avg_recommended_train_degree": 14.48683274021352,
  "js_recommendation_vs_random_test": 0.04492912500614089,
  "n_eval_users": 281,
  "runtime_seconds": 10.040869235992432,
  "used_cuda": true
}