epoch,bpr_loss
1,0.6833911687135696
25,0.045287879183888435
50,0.022023112047463655
100,0.017717345617711544
180,0.016516254050657153
