epoch,bpr_loss
1,0.691239595413208
25,0.08204148709774017
50,0.047307631932199
100,0.036790850572288036
180,0.03231998812407255
