epoch,bpr_loss
1,0.6807586550712585
25,0.08735889196395874
50,0.039017802104353905
100,0.031780405435711145
180,0.025875653140246868
