{
  "ndcg_at_5": 0.6790993236852845,
  "recall_at_5": 0.49648836236914523,
  "head_item_share": 0.15373665480427048,
  "avg_recommended_train_degree": 14.841281138790034,
  "js_recommendation_vs_random_test": 0.05520848755238502,
  "n_eval_users": 281,
  "runtime_seconds": 8.97732162475586,
  "used_cuda": true
}