epoch,bpr_loss
1,0.6821302771568298
25,0.047041173093020916
50,0.023588877636939287
100,0.018406443297863007
180,0.01547541981562972
