epoch,bpr_loss
1,0.6820707470178604
25,0.1347817238420248
50,0.06699178367853165
100,0.045967068523168564
180,0.04195207543671131
