{
  "ndcg_at_5": 0.6886787552509754,
  "recall_at_5": 0.5064971455985692,
  "head_item_share": 0.15800711743772242,
  "avg_recommended_train_degree": 15.080427046263347,
  "js_recommendation_vs_random_test": 0.06264379552829392,
  "n_eval_users": 281,
  "runtime_seconds": 12.58560037612915,
  "used_cuda": true
}