epoch,bpr_loss
1,0.6805887520313263
25,0.14340787008404732
50,0.06517206970602274
100,0.044327796436846256
180,0.039929636754095554
