epoch,bpr_loss
1,0.6861492395401001
25,0.03781368862837553
50,0.01746777817606926
100,0.011082736076787114
180,0.008233812870457768
