{
  "ndcg_at_5": 0.6458330771369464,
  "recall_at_5": 0.4672387369451426,
  "head_item_share": 0.1423487544483986,
  "avg_recommended_train_degree": 14.194306049822064,
  "js_recommendation_vs_random_test": 0.0446714532282968,
  "n_eval_users": 281,
  "runtime_seconds": 6.883410453796387,
  "used_cuda": true
}