epoch,bpr_loss
1,0.6871554404497147
25,0.03410121612250805
50,0.016272209119051695
100,0.009957732167094946
180,0.008803649805486202
