epoch,bpr_loss
1,0.686861202120781
25,0.03418188635259867
50,0.015577316051349044
100,0.010747397551313043
180,0.009427762823179364
