epoch,bpr_loss
1,0.6814179569482803
25,0.08595049381256104
50,0.04220809508115053
100,0.03028617426753044
180,0.026049990206956863
