{
  "ndcg_at_5": 0.6888573501833202,
  "recall_at_5": 0.5093191752889261,
  "head_item_share": 0.15800711743772242,
  "avg_recommended_train_degree": 14.886120996441282,
  "js_recommendation_vs_random_test": 0.05565759208449131,
  "n_eval_users": 281,
  "runtime_seconds": 9.429782152175903,
  "used_cuda": true
}