epoch,bpr_loss
1,0.6904123574495316
25,0.07422599568963051
50,0.04323161020874977
100,0.03149756696075201
180,0.027522391639649868
