{
  "ndcg_at_5": 0.6811615597399776,
  "recall_at_5": 0.4993406504527501,
  "head_item_share": 0.14306049822064057,
  "avg_recommended_train_degree": 14.254092526690393,
  "js_recommendation_vs_random_test": 0.04627987073207367,
  "n_eval_users": 281,
  "runtime_seconds": 9.225460529327393,
  "used_cuda": true
}