epoch,bpr_loss
1,0.6810227036476135
25,0.136108860373497
50,0.06585740577429533
100,0.04610350634902716
180,0.039385104551911354
