{
  "ndcg_at_5": 0.6899296762346077,
  "recall_at_5": 0.510616503899422,
  "head_item_share": 0.1587188612099644,
  "avg_recommended_train_degree": 15.108896797153026,
  "js_recommendation_vs_random_test": 0.06068204199978289,
  "n_eval_users": 281,
  "runtime_seconds": 12.460636138916016,
  "used_cuda": true
}