epoch,bpr_loss
1,0.6811885833740234
25,0.08348464593291283
50,0.04248892888426781
100,0.03121567564085126
180,0.02496081544086337
