{
  "ndcg_at_5": 0.6790016801982791,
  "recall_at_5": 0.5024163509483793,
  "head_item_share": 0.15800711743772244,
  "avg_recommended_train_degree": 14.896085409252667,
  "js_recommendation_vs_random_test": 0.054858130910605214,
  "n_eval_users": 281,
  "runtime_seconds": 8.870902061462402,
  "used_cuda": true
}