epoch,bpr_loss
1,0.6798851042985916
25,0.1379164420068264
50,0.06574699468910694
100,0.045965539291501045
180,0.04155917465686798
