epoch,bpr_loss
1,0.6867410987615585
25,0.03425538819283247
50,0.01578677468933165
100,0.011244155466556549
180,0.009078348288312554
