{
  "ndcg_at_5": 0.6527389116450825,
  "recall_at_5": 0.4721432728995007,
  "head_item_share": 0.13594306049822066,
  "avg_recommended_train_degree": 14.04697508896797,
  "js_recommendation_vs_random_test": 0.03989331329332454,
  "n_eval_users": 281,
  "runtime_seconds": 6.672585964202881,
  "used_cuda": true
}