epoch,bpr_loss
1,0.6911755949258804
25,0.08362562581896782
50,0.04465499892830849
100,0.036433273926377296
180,0.031837690621614456
