{
  "ndcg_at_5": 0.6661244840264697,
  "recall_at_5": 0.4793545669435349,
  "head_item_share": 0.14590747330960854,
  "avg_recommended_train_degree": 14.429893238434165,
  "js_recommendation_vs_random_test": 0.043539697615418586,
  "n_eval_users": 281,
  "runtime_seconds": 9.316472291946411,
  "used_cuda": true
}