epoch,bpr_loss
1,0.6912454962730408
25,0.08391726016998291
50,0.0484802033752203
100,0.03560100216418505
180,0.031790055334568024
