epoch,bpr_loss
1,0.6911482214927673
25,0.0874746572226286
50,0.04823726508766413
100,0.03537541627883911
180,0.03308726195245981
