{
  "ndcg_at_5": 0.671854939059588,
  "recall_at_5": 0.4825087970550604,
  "head_item_share": 0.14519572953736654,
  "avg_recommended_train_degree": 14.448398576512455,
  "js_recommendation_vs_random_test": 0.04815533431591122,
  "n_eval_users": 281,
  "runtime_seconds": 9.404873371124268,
  "used_cuda": true
}