epoch,bpr_loss
1,0.6831697374582291
25,0.07670920714735985
50,0.0410950593650341
100,0.029158858582377434
180,0.02669289195910096
