{
  "ndcg_at_5": 0.6851106553327726,
  "recall_at_5": 0.5039656517859366,
  "head_item_share": 0.15373665480427046,
  "avg_recommended_train_degree": 14.869039145907475,
  "js_recommendation_vs_random_test": 0.05698935704257178,
  "n_eval_users": 281,
  "runtime_seconds": 8.930132150650024,
  "used_cuda": true
}