epoch,bpr_loss
1,0.6832878887653351
25,0.05267313402146101
50,0.024147735442966223
100,0.016730162780731916
180,0.01542382244952023
