{
  "ndcg_at_5": 0.6790814772296775,
  "recall_at_5": 0.48959623314605527,
  "head_item_share": 0.15017793594306048,
  "avg_recommended_train_degree": 14.494661921708184,
  "js_recommendation_vs_random_test": 0.0471701025981929,
  "n_eval_users": 281,
  "runtime_seconds": 7.901411533355713,
  "used_cuda": true
}