epoch,bpr_loss
1,0.6830655485391617
25,0.04586946405470371
50,0.023935574106872082
100,0.017807316966354847
180,0.015556038357317448
