epoch,bpr_loss
1,0.6865598559379578
25,0.03392035607248545
50,0.01565569546073675
100,0.010673768818378448
180,0.0093654771335423
