{
  "ndcg_at_5": 0.6590885603260027,
  "recall_at_5": 0.47899304629731676,
  "head_item_share": 0.14163701067615658,
  "avg_recommended_train_degree": 14.086120996441283,
  "js_recommendation_vs_random_test": 0.042895896474894196,
  "n_eval_users": 281,
  "runtime_seconds": 6.92068338394165,
  "used_cuda": true
}