epoch,bpr_loss
1,0.690193846821785
25,0.08001856133341789
50,0.040178658440709114
100,0.032277350313961506
180,0.02571261627599597
