{
  "ndcg_at_5": 0.6673422686253279,
  "recall_at_5": 0.4838828974505131,
  "head_item_share": 0.14519572953736654,
  "avg_recommended_train_degree": 14.353736654804269,
  "js_recommendation_vs_random_test": 0.046478699456619206,
  "n_eval_users": 281,
  "runtime_seconds": 9.468515872955322,
  "used_cuda": true
}