epoch,bpr_loss
1,0.682896614074707
25,0.04887895006686449
50,0.024019099306315184
100,0.01793792052194476
180,0.01601253217086196
