epoch,bpr_loss
1,0.6865230053663254
25,0.030649642925709486
50,0.016671128571033478
100,0.010491756722331047
180,0.009799778694286942
