{
  "ndcg_at_5": 0.648662619522803,
  "recall_at_5": 0.46450830209727,
  "head_item_share": 0.13238434163701068,
  "avg_recommended_train_degree": 13.866192170818506,
  "js_recommendation_vs_random_test": 0.03827814785573082,
  "n_eval_users": 281,
  "runtime_seconds": 6.837376356124878,
  "used_cuda": true
}