epoch,bpr_loss
1,0.6819262802600861
25,0.12717364355921745
50,0.06334825418889523
100,0.04468153789639473
180,0.040719338692724705
