{
  "ndcg_at_5": 0.690499690542677,
  "recall_at_5": 0.5130170985598033,
  "head_item_share": 0.15871886120996442,
  "avg_recommended_train_degree": 15.172953736654806,
  "js_recommendation_vs_random_test": 0.06265014249561231,
  "n_eval_users": 281,
  "runtime_seconds": 12.64201831817627,
  "used_cuda": true
}