epoch,bpr_loss
1,0.6790734976530075
25,0.14276983961462975
50,0.06119755655527115
100,0.04825539421290159
180,0.040454452857375145
