{
  "ndcg_at_5": 0.6808901661549143,
  "recall_at_5": 0.494585451124597,
  "head_item_share": 0.1601423487544484,
  "avg_recommended_train_degree": 15.216370106761566,
  "js_recommendation_vs_random_test": 0.06147640760388825,
  "n_eval_users": 281,
  "runtime_seconds": 12.582870960235596,
  "used_cuda": true
}