epoch,bpr_loss
1,0.6825685650110245
25,0.04413905460387468
50,0.02336234413087368
100,0.017780867870897055
180,0.015775689855217934
