epoch,bpr_loss
1,0.6912965029478073
25,0.07979333586990833
50,0.04617667570710182
100,0.03511394839733839
180,0.03261959180235863
