{
  "ndcg_at_5": 0.6610714646427567,
  "recall_at_5": 0.4704337921864612,
  "head_item_share": 0.14092526690391458,
  "avg_recommended_train_degree": 14.212811387900354,
  "js_recommendation_vs_random_test": 0.04297716055984536,
  "n_eval_users": 281,
  "runtime_seconds": 9.369138717651367,
  "used_cuda": true
}