epoch,bpr_loss
1,0.6866672784090042
25,0.03172793239355087
50,0.01572192902676761
100,0.009782864013686776
180,0.00918505759909749
