epoch,bpr_loss
1,0.6903946548700333
25,0.07453340664505959
50,0.04156470112502575
100,0.032669331412762403
180,0.02861212333664298
