epoch,bpr_loss
1,0.6865150481462479
25,0.03550853952765465
50,0.01625708700157702
100,0.011896020732820034
180,0.009155616397038102
