epoch,bpr_loss
1,0.6802792698144913
25,0.14275038987398148
50,0.06436535716056824
100,0.047040900215506554
180,0.037852682173252106
