{
  "ndcg_at_5": 0.6850067003992857,
  "recall_at_5": 0.5066835546817754,
  "head_item_share": 0.15729537366548044,
  "avg_recommended_train_degree": 15.098220640569396,
  "js_recommendation_vs_random_test": 0.06346826404764427,
  "n_eval_users": 281,
  "runtime_seconds": 12.515713214874268,
  "used_cuda": true
}