epoch,bpr_loss
1,0.6839195936918259
25,0.043370386585593224
50,0.023212861269712448
100,0.016100391745567322
180,0.015264365589246154
