epoch,bpr_loss
1,0.6811618506908417
25,0.13739069178700447
50,0.06329811736941338
100,0.04788791947066784
180,0.04376581124961376
