epoch,bpr_loss
1,0.6822457015514374
25,0.0480996398255229
50,0.024829457513988018
100,0.018907465040683746
180,0.014788947068154812
