epoch,bpr_loss
1,0.6868539303541183
25,0.02598945749923587
50,0.014969310956075788
100,0.010440255282446742
180,0.009513738565146923
