{
  "ndcg_at_5": 0.651832286138349,
  "recall_at_5": 0.47578749344763577,
  "head_item_share": 0.1380782918149466,
  "avg_recommended_train_degree": 14.008540925266905,
  "js_recommendation_vs_random_test": 0.04159182821848593,
  "n_eval_users": 281,
  "runtime_seconds": 6.983008623123169,
  "used_cuda": true
}