epoch,bpr_loss
1,0.6788503974676132
25,0.14979800954461098
50,0.06736506894230843
100,0.04524202272295952
180,0.03804508037865162
