epoch,bpr_loss
1,0.6864387840032578
25,0.029847634956240654
50,0.016474726609885693
100,0.01096432888880372
180,0.009245532914064825
