{
  "ndcg_at_5": 0.6561227632074325,
  "recall_at_5": 0.4707817242069911,
  "head_item_share": 0.1380782918149466,
  "avg_recommended_train_degree": 13.881138790035589,
  "js_recommendation_vs_random_test": 0.036238022089664014,
  "n_eval_users": 281,
  "runtime_seconds": 6.947483062744141,
  "used_cuda": true
}