epoch,bpr_loss
1,0.6862733215093613
25,0.03338153986260295
50,0.0165030297357589
100,0.010378897888585925
180,0.008902747533284128
